datetimeUtc,no,no2,nox,relativehumidity,temperature,wind_direction,wind_speed,hour,day,weekday
2026-01-26 00:15:00+00:00,12.7,37.2,0.03,97.0,7.3,359.0,0.3,0,26,0
2026-01-26 00:30:00+00:00,21.5,32.6,0.0351,97.0,7.2,359.0,0.3,0,26,0
2026-01-26 00:45:00+00:00,40.9,31.3,0.0509,98.0,7.1,359.0,0.3,0,26,0
2026-01-26 01:00:00+00:00,22.9,28.4,0.0346,98.0,7.1,359.0,0.3,1,26,0
2026-01-26 01:15:00+00:00,11.3,31.7,0.026,97.0,7.0,359.0,0.3,1,26,0
2026-01-26 01:30:00+00:00,50.3,26.0,0.0549,97.0,6.8,359.0,0.3,1,26,0
2026-01-26 01:45:00+00:00,109.5,31.8,0.1054,98.0,7.0,359.0,0.3,1,26,0
2026-01-26 02:00:00+00:00,17.8,28.3,0.0294,98.0,7.0,,0.3,2,26,0
2026-01-26 02:15:00+00:00,42.8,33.3,0.0514,98.0,7.0,359.0,0.3,2,26,0
2026-01-26 02:30:00+00:00,42.3,28.3,0.0497,98.0,7.5,360.0,0.4,2,26,0
2026-01-26 02:45:00+00:00,25.2,35.8,0.0395,97.0,8.1,359.0,0.9,2,26,0
2026-01-26 03:00:00+00:00,36.6,61.8,0.0624,94.0,8.8,,0.9,3,26,0
2026-01-26 03:15:00+00:00,60.8,105.0,0.1051,85.0,9.6,360.0,1.8,3,26,0
2026-01-26 03:30:00+00:00,17.3,93.3,0.0634,76.0,10.6,360.0,1.2,3,26,0
2026-01-26 03:45:00+00:00,8.3,56.6,0.0369,71.0,11.6,359.0,0.3,3,26,0
2026-01-26 04:00:00+00:00,10.7,50.2,0.0352,68.0,12.1,359.0,0.9,4,26,0
2026-01-26 04:15:00+00:00,13.9,52.6,0.0395,65.0,12.3,360.0,1.8,4,26,0
2026-01-26 04:30:00+00:00,15.8,51.1,0.04,63.0,12.6,359.0,1.7,4,26,0
2026-01-26 05:00:00+00:00,17.7,42.9,0.0365,61.0,12.9,360.0,1.8,5,26,0
2026-01-26 05:15:00+00:00,7.1,46.1,0.0303,60.0,13.3,360.0,1.5,5,26,0
2026-01-26 05:30:00+00:00,5.0,41.7,0.0262,59.0,13.6,,1.3,5,26,0
2026-01-26 05:45:00+00:00,4.8,42.5,0.0265,58.0,13.9,359.0,1.6,5,26,0
2026-01-26 06:00:00+00:00,23.7,50.1,0.047,55.0,14.5,360.0,1.0,6,26,0
2026-01-26 06:15:00+00:00,7.0,44.4,0.0292,52.0,15.1,359.0,1.3,6,26,0
2026-01-26 06:30:00+00:00,12.1,56.2,0.0395,52.0,15.1,360.0,3.0,6,26,0
2026-01-26 06:45:00+00:00,4.6,39.9,0.0248,53.0,15.0,360.0,2.1,6,26,0
2026-01-26 07:00:00+00:00,6.1,50.1,0.0314,52.0,15.3,360.0,2.1,7,26,0
2026-01-26 07:15:00+00:00,4.0,37.2,0.0229,51.0,15.3,,2.0,7,26,0
2026-01-26 07:30:00+00:00,3.6,38.1,0.0231,51.0,15.4,,1.5,7,26,0
2026-01-26 07:45:00+00:00,6.7,54.4,0.0334,50.0,15.6,,2.1,7,26,0
2026-01-26 08:00:00+00:00,6.6,55.8,0.0351,50.0,15.7,360.0,2.3,8,26,0
2026-01-26 08:15:00+00:00,9.1,67.4,0.0433,49.0,15.9,360.0,2.5,8,26,0
2026-01-26 08:30:00+00:00,10.5,65.8,0.0436,48.0,15.9,,3.0,8,26,0
2026-01-26 08:45:00+00:00,14.3,67.4,0.0481,47.0,16.0,,2.4,8,26,0
2026-01-26 09:00:00+00:00,9.8,61.2,0.0407,47.0,16.1,,2.5,9,26,0
2026-01-26 09:15:00+00:00,29.0,83.1,0.0687,46.0,16.0,360.0,1.3,9,26,0
2026-01-26 09:30:00+00:00,16.4,69.7,0.05,46.0,15.8,360.0,1.0,9,26,0
2026-01-26 09:45:00+00:00,4.2,38.0,0.0235,47.0,15.8,360.0,2.0,9,26,0
2026-01-26 10:00:00+00:00,5.7,48.0,0.0307,47.0,15.9,360.0,0.6,10,26,0
2026-01-26 10:15:00+00:00,1.6,42.9,0.0241,48.0,15.8,360.0,1.2,10,26,0
2026-01-26 10:30:00+00:00,2.9,48.5,0.0281,49.0,15.8,,2.6,10,26,0
2026-01-26 10:45:00+00:00,2.2,43.6,0.025,50.0,15.4,359.0,1.9,10,26,0
2026-01-26 11:00:00+00:00,2.6,45.3,0.0262,51.0,15.1,358.0,1.1,11,26,0
2026-01-26 11:15:00+00:00,2.2,45.1,0.0258,53.0,15.0,358.0,1.0,11,26,0
2026-01-26 11:30:00+00:00,1.6,61.3,0.0341,56.0,14.7,357.0,1.1,11,26,0
2026-01-26 11:45:00+00:00,6.6,65.2,0.0409,56.0,14.5,360.0,1.3,11,26,0
2026-01-26 12:00:00+00:00,11.8,79.9,0.0518,60.0,14.2,360.0,0.3,12,26,0
2026-01-26 12:15:00+00:00,9.0,71.9,0.0456,64.0,13.9,,0.3,12,26,0
2026-01-26 12:30:00+00:00,6.4,71.8,0.0434,69.0,13.4,360.0,0.3,12,26,0
2026-01-26 12:45:00+00:00,5.1,70.9,0.0419,71.0,13.0,360.0,0.5,12,26,0
2026-01-26 13:00:00+00:00,15.5,80.3,0.0559,74.0,12.8,359.0,0.3,13,26,0
2026-01-26 13:15:00+00:00,13.3,79.7,0.055,73.0,12.6,359.0,0.3,13,26,0
2026-01-26 13:30:00+00:00,77.4,120.3,0.1264,68.0,12.8,359.0,1.4,13,26,0
2026-01-26 13:45:00+00:00,62.2,129.7,0.1196,64.0,12.9,359.0,0.9,13,26,0
2026-01-26 14:00:00+00:00,22.5,91.6,0.0658,68.0,12.6,358.0,0.3,14,26,0
2026-01-26 14:15:00+00:00,32.7,95.6,0.0787,72.0,12.3,358.0,0.5,14,26,0
2026-01-26 14:30:00+00:00,137.8,109.2,0.1703,70.0,12.4,359.0,0.8,14,26,0
2026-01-26 14:45:00+00:00,45.6,90.1,0.0854,73.0,12.2,358.0,0.3,14,26,0
2026-01-26 15:00:00+00:00,11.4,63.1,0.043,82.0,11.4,359.0,0.8,15,26,0
2026-01-26 15:15:00+00:00,22.0,70.1,0.0549,83.0,11.1,360.0,0.3,15,26,0
2026-01-26 15:30:00+00:00,35.7,83.8,0.0732,83.0,10.7,360.0,0.3,15,26,0
2026-01-26 15:45:00+00:00,38.3,81.7,0.0735,84.0,10.6,360.0,0.3,15,26,0
2026-01-26 16:00:00+00:00,18.7,58.6,0.0461,88.0,10.3,360.0,0.3,16,26,0
2026-01-26 16:15:00+00:00,31.6,64.6,0.06,90.0,10.0,360.0,0.3,16,26,0
2026-01-26 16:30:00+00:00,49.3,64.9,0.0748,91.0,9.8,360.0,0.3,16,26,0
2026-01-26 16:45:00+00:00,28.4,63.1,0.0572,91.0,9.7,359.0,0.3,16,26,0
2026-01-26 17:00:00+00:00,34.8,61.2,0.0602,91.0,9.6,359.0,0.3,17,26,0
2026-01-26 17:15:00+00:00,51.7,61.8,0.0741,92.0,9.4,358.0,0.3,17,26,0
2026-01-26 17:30:00+00:00,37.5,54.7,0.0596,93.0,9.3,358.0,0.3,17,26,0
2026-01-26 17:45:00+00:00,48.0,49.3,0.0653,93.0,9.2,359.0,0.3,17,26,0
2026-01-26 18:00:00+00:00,46.3,46.0,0.0621,93.0,9.1,359.0,0.3,18,26,0
2026-01-26 18:15:00+00:00,40.7,45.2,0.0574,93.0,9.0,359.0,0.3,18,26,0
2026-01-26 19:15:00+00:00,35.2,46.7,0.0534,95.0,8.7,358.0,0.3,19,26,0
2026-01-26 19:30:00+00:00,28.0,49.3,0.049,95.0,8.7,359.0,0.3,19,26,0
2026-01-26 19:45:00+00:00,40.5,44.5,0.0569,95.0,8.8,359.0,0.3,19,26,0
2026-01-26 20:00:00+00:00,35.9,41.7,0.0514,95.0,8.8,359.0,0.3,20,26,0
2026-01-26 20:15:00+00:00,31.2,40.3,0.0469,95.0,8.7,359.0,0.3,20,26,0
2026-01-26 20:30:00+00:00,26.3,43.2,0.0445,95.0,8.7,359.0,0.3,20,26,0
2026-01-26 20:45:00+00:00,34.4,33.9,0.046,95.0,8.7,359.0,0.3,20,26,0
2026-01-26 21:00:00+00:00,24.1,41.5,0.0418,95.0,8.7,358.0,0.3,21,26,0
2026-01-26 21:15:00+00:00,31.6,39.6,0.047,95.0,8.7,358.0,0.3,21,26,0
2026-01-26 21:30:00+00:00,99.1,43.4,0.104,95.0,9.1,359.0,0.3,21,26,0
2026-01-26 21:45:00+00:00,123.9,49.7,0.1269,94.0,9.2,359.0,0.3,21,26,0
2026-01-26 22:00:00+00:00,88.0,44.4,0.0954,94.0,9.1,359.0,0.3,22,26,0
2026-01-26 22:15:00+00:00,104.1,41.1,0.1064,95.0,9.0,359.0,0.3,22,26,0
2026-01-26 22:30:00+00:00,106.3,38.3,0.1065,95.0,9.1,359.0,0.3,22,26,0
2026-01-26 22:45:00+00:00,109.8,40.0,0.1104,95.0,9.1,359.0,0.3,22,26,0
2026-01-26 23:00:00+00:00,130.1,36.1,0.1249,96.0,9.1,359.0,0.3,23,26,0
2026-01-26 23:15:00+00:00,139.8,40.1,0.135,96.0,9.2,359.0,0.3,23,26,0
2026-01-26 23:30:00+00:00,132.2,39.4,0.1284,95.0,9.1,359.0,0.3,23,26,0
2026-01-26 23:45:00+00:00,167.2,41.8,0.1598,96.0,9.3,359.0,0.3,23,26,0
2026-01-27 00:00:00+00:00,216.2,54.0,0.2044,94.0,9.6,359.0,0.3,0,27,1
2026-01-27 00:15:00+00:00,177.4,48.7,0.1691,92.0,9.7,359.0,0.3,0,27,1
2026-01-27 00:30:00+00:00,166.0,32.5,0.152,92.0,9.5,,0.5,0,27,1
2026-01-27 00:45:00+00:00,182.1,29.7,0.1614,94.0,9.3,360.0,0.4,0,27,1
2026-01-27 01:00:00+00:00,188.4,37.1,0.1728,93.0,9.5,,0.3,1,27,1
2026-01-27 01:15:00+00:00,194.3,32.1,0.1749,94.0,9.4,,0.3,1,27,1
2026-01-27 01:30:00+00:00,166.6,28.2,0.1505,94.0,9.3,,0.3,1,27,1
2026-01-27 01:45:00+00:00,244.8,9.6,0.2022,94.0,9.2,360.0,0.3,1,27,1
2026-01-27 02:00:00+00:00,284.8,34.8,0.251,94.0,9.5,358.0,0.3,2,27,1
2026-01-27 02:15:00+00:00,186.8,30.4,0.1674,93.0,9.5,358.0,0.3,2,27,1
2026-01-27 02:30:00+00:00,212.6,38.2,0.1923,93.0,9.6,358.0,0.3,2,27,1
2026-01-27 02:45:00+00:00,287.0,16.4,0.2422,90.0,10.3,359.0,0.3,2,27,1
2026-01-27 03:00:00+00:00,140.4,61.2,0.1467,86.0,10.7,360.0,1.6,3,27,1
2026-01-27 03:15:00+00:00,100.3,68.6,0.1177,81.0,11.2,360.0,1.2,3,27,1
2026-01-27 03:30:00+00:00,64.0,70.2,0.0893,77.0,11.6,360.0,2.1,3,27,1
2026-01-27 03:45:00+00:00,72.0,72.3,0.0972,77.0,11.7,360.0,2.2,3,27,1
2026-01-27 04:00:00+00:00,51.8,73.2,0.0811,77.0,11.8,360.0,2.2,4,27,1
2026-01-27 04:15:00+00:00,37.3,64.4,0.0646,77.0,11.9,360.0,3.3,4,27,1
2026-01-27 04:30:00+00:00,74.2,68.5,0.0974,74.0,12.3,359.0,1.3,4,27,1
2026-01-27 04:45:00+00:00,42.5,58.7,0.065,70.0,12.8,360.0,2.2,4,27,1
2026-01-27 06:15:00+00:00,36.5,61.1,0.0621,90.0,11.3,358.0,4.0,6,27,1
2026-01-27 06:45:00+00:00,16.5,29.3,0.0291,88.0,11.7,358.0,8.0,6,27,1
2026-01-27 07:00:00+00:00,12.7,26.9,0.0246,86.0,12.1,358.0,6.8,7,27,1
2026-01-27 07:15:00+00:00,9.1,32.6,0.0247,85.0,12.2,359.0,6.6,7,27,1
2026-01-27 07:30:00+00:00,11.0,42.7,0.0316,85.0,12.3,359.0,6.3,7,27,1
2026-01-27 07:45:00+00:00,10.3,49.2,0.0345,84.0,12.4,359.0,6.5,7,27,1
2026-01-27 08:00:00+00:00,11.8,53.4,0.038,84.0,12.5,358.0,4.9,8,27,1
2026-01-27 08:15:00+00:00,11.6,51.1,0.0367,82.0,12.8,358.0,5.3,8,27,1
2026-01-27 08:30:00+00:00,9.2,45.2,0.0315,82.0,12.9,358.0,5.9,8,27,1
2026-01-27 08:45:00+00:00,9.1,39.9,0.0286,83.0,13.0,358.0,7.5,8,27,1
2026-01-27 09:00:00+00:00,7.4,43.9,0.0294,82.0,13.3,358.0,7.9,9,27,1
2026-01-27 09:15:00+00:00,13.6,58.0,0.043,83.0,13.1,358.0,5.9,9,27,1
2026-01-27 09:30:00+00:00,5.0,53.4,0.0325,86.0,13.0,359.0,3.6,9,27,1
2026-01-27 09:45:00+00:00,6.6,52.6,0.0333,86.0,13.1,359.0,5.3,9,27,1
2026-01-27 10:00:00+00:00,4.7,54.6,0.0328,85.0,13.0,358.0,4.8,10,27,1
2026-01-27 10:15:00+00:00,4.9,60.9,0.0364,85.0,13.1,359.0,5.3,10,27,1
2026-01-27 10:30:00+00:00,4.6,62.6,0.037,84.0,13.1,360.0,4.9,10,27,1
2026-01-27 10:45:00+00:00,3.7,62.9,0.0365,84.0,13.1,,5.2,10,27,1
2026-01-27 11:00:00+00:00,1.2,48.7,0.0269,84.0,13.1,359.0,6.2,11,27,1
2026-01-27 11:15:00+00:00,1.6,49.9,0.0279,84.0,13.1,358.0,6.3,11,27,1
2026-01-27 11:30:00+00:00,1.6,47.8,0.0267,84.0,12.9,358.0,6.0,11,27,1
2026-01-27 11:45:00+00:00,1.5,40.9,0.023,85.0,12.7,358.0,6.3,11,27,1
2026-01-27 12:00:00+00:00,1.7,42.4,0.0239,86.0,12.6,358.0,4.7,12,27,1
2026-01-27 12:15:00+00:00,1.3,69.2,0.0378,86.0,12.5,359.0,4.9,12,27,1
2026-01-27 12:30:00+00:00,0.8,64.6,0.0352,87.0,12.4,359.0,5.0,12,27,1
2026-01-27 12:45:00+00:00,0.8,58.7,0.0319,87.0,12.3,359.0,4.4,12,27,1
2026-01-27 13:00:00+00:00,0.9,57.3,0.0312,87.0,12.2,359.0,6.0,13,27,1
2026-01-27 13:15:00+00:00,0.8,58.2,0.0316,88.0,12.2,359.0,5.0,13,27,1
2026-01-27 13:30:00+00:00,1.2,,0.0328,88.0,12.1,359.0,3.6,13,27,1
2026-01-27 13:45:00+00:00,1.4,57.6,0.0318,88.0,12.1,359.0,4.1,13,27,1
2026-01-27 14:00:00+00:00,1.6,56.3,0.0312,88.0,12.1,359.0,4.0,14,27,1
2026-01-27 14:15:00+00:00,1.8,59.4,0.0331,88.0,12.0,359.0,2.7,14,27,1
2026-01-27 14:30:00+00:00,2.5,62.1,0.035,89.0,12.0,359.0,3.7,14,27,1
2026-01-27 14:45:00+00:00,1.7,57.8,0.0319,89.0,12.0,359.0,4.6,14,27,1
2026-01-27 15:00:00+00:00,2.0,41.4,0.0237,88.0,11.9,359.0,4.4,15,27,1
2026-01-27 15:15:00+00:00,2.3,37.8,0.0219,88.0,11.9,358.0,3.3,15,27,1
2026-01-27 15:30:00+00:00,1.7,38.2,0.0217,88.0,11.9,359.0,3.5,15,27,1
2026-01-27 15:45:00+00:00,4.0,43.8,0.0267,88.0,11.9,358.0,1.8,15,27,1
2026-01-27 16:00:00+00:00,2.6,31.9,0.0191,88.0,11.9,358.0,4.6,16,27,1
2026-01-27 16:15:00+00:00,2.1,37.8,0.0218,89.0,11.8,359.0,4.3,16,27,1
2026-01-27 16:30:00+00:00,2.0,39.7,0.0227,90.0,11.7,359.0,4.7,16,27,1
2026-01-27 16:45:00+00:00,7.4,42.4,0.0285,91.0,11.7,358.0,1.2,16,27,1
2026-01-27 17:00:00+00:00,2.5,39.4,0.0228,91.0,11.7,358.0,0.8,17,27,1
2026-01-27 17:15:00+00:00,14.3,53.2,0.0402,91.0,11.7,357.0,0.3,17,27,1
2026-01-27 17:45:00+00:00,16.8,48.9,0.0398,91.0,11.8,359.0,0.3,17,27,1
2026-01-27 18:00:00+00:00,17.2,55.7,0.0439,91.0,11.8,358.0,0.3,18,27,1
2026-01-27 18:15:00+00:00,2.9,41.6,0.0245,91.0,11.8,357.0,0.3,18,27,1
2026-01-27 19:15:00+00:00,1.3,41.9,0.0234,93.0,11.7,358.0,1.9,19,27,1
2026-01-27 19:30:00+00:00,2.2,44.6,0.0255,92.0,11.8,,0.3,19,27,1
2026-01-27 19:45:00+00:00,6.0,42.1,0.027,92.0,11.8,358.0,0.3,19,27,1
2026-01-27 20:00:00+00:00,2.3,38.6,0.0224,92.0,11.8,359.0,0.5,20,27,1
2026-01-27 20:15:00+00:00,3.5,37.2,0.0226,93.0,11.7,358.0,0.4,20,27,1
2026-01-27 20:30:00+00:00,7.7,37.1,0.0263,93.0,11.8,357.0,0.3,20,27,1
2026-01-27 20:45:00+00:00,5.4,44.9,0.0281,92.0,11.8,357.0,0.3,20,27,1
2026-01-27 21:00:00+00:00,9.5,41.5,0.0298,92.0,11.9,357.0,0.3,21,27,1
2026-01-27 21:15:00+00:00,6.3,40.3,0.0264,91.0,12.0,357.0,0.3,21,27,1
2026-01-27 21:30:00+00:00,8.2,50.0,0.0332,91.0,12.0,359.0,0.7,21,27,1
2026-01-27 21:45:00+00:00,1.3,43.6,0.0242,92.0,11.8,358.0,0.6,21,27,1
2026-01-27 22:00:00+00:00,1.9,36.3,0.0208,93.0,11.7,358.0,0.7,22,27,1
2026-01-27 22:15:00+00:00,12.5,36.9,0.0293,93.0,11.7,358.0,0.3,22,27,1
2026-01-27 22:30:00+00:00,21.3,39.6,0.0381,93.0,11.9,358.0,0.3,22,27,1
2026-01-27 22:45:00+00:00,13.0,35.2,0.0305,92.0,11.8,358.0,0.3,22,27,1
2026-01-27 23:00:00+00:00,19.1,49.5,0.0415,92.0,11.9,358.0,0.3,23,27,1
2026-01-27 23:15:00+00:00,20.5,57.0,0.0471,91.0,12.0,358.0,0.3,23,27,1
2026-01-27 23:30:00+00:00,13.4,46.3,0.0356,92.0,11.8,358.0,0.3,23,27,1
2026-01-27 23:45:00+00:00,4.8,41.7,0.0262,92.0,11.8,358.0,0.3,23,27,1
2026-01-28 00:00:00+00:00,3.4,41.4,0.0247,92.0,11.8,357.0,0.3,0,28,2
2026-01-28 00:15:00+00:00,10.8,37.9,0.0288,93.0,11.8,358.0,0.3,0,28,2
2026-01-28 00:30:00+00:00,43.1,40.1,0.0555,92.0,11.9,357.0,0.3,0,28,2
2026-01-28 00:45:00+00:00,132.8,47.9,0.1347,92.0,12.0,357.0,0.3,0,28,2
2026-01-28 01:00:00+00:00,98.4,45.5,0.1038,91.0,12.1,358.0,0.3,1,28,2
2026-01-28 01:15:00+00:00,92.8,55.1,0.1049,91.0,12.1,358.0,0.3,1,28,2
2026-01-28 01:30:00+00:00,101.4,53.4,0.1092,91.0,12.1,358.0,0.3,1,28,2
2026-01-28 01:45:00+00:00,145.4,49.1,0.1458,90.0,12.3,359.0,0.9,1,28,2
2026-01-28 02:00:00+00:00,153.8,54.0,0.153,90.0,12.3,358.0,0.7,2,28,2
2026-01-28 02:15:00+00:00,167.6,60.9,0.1682,89.0,12.4,359.0,1.1,2,28,2
2026-01-28 02:30:00+00:00,145.5,64.5,0.1547,89.0,12.5,359.0,0.8,2,28,2
2026-01-28 03:00:00+00:00,151.7,56.8,0.1539,89.0,12.5,358.0,1.3,3,28,2
2026-01-28 03:15:00+00:00,142.4,67.2,0.153,89.0,12.6,359.0,2.0,3,28,2
2026-01-28 03:30:00+00:00,122.6,65.8,0.1356,90.0,12.5,340.0,2.6,3,28,2
2026-01-28 03:45:00+00:00,156.6,47.3,0.1528,90.0,12.5,305.0,1.4,3,28,2
2026-01-28 04:00:00+00:00,135.1,58.1,0.1429,90.0,12.6,314.0,1.6,4,28,2
2026-01-28 04:15:00+00:00,148.2,53.8,0.1499,89.0,12.8,322.0,2.2,4,28,2
2026-01-28 04:30:00+00:00,92.4,58.3,0.106,88.0,12.8,324.0,2.0,4,28,2
2026-01-28 04:45:00+00:00,75.7,51.3,0.0913,86.0,13.0,336.0,2.5,4,28,2
2026-01-28 05:00:00+00:00,47.0,55.4,0.0685,85.0,13.1,343.0,1.9,5,28,2
2026-01-28 05:15:00+00:00,103.4,46.2,0.1066,84.0,13.3,348.0,1.9,5,28,2
2026-01-28 05:30:00+00:00,67.9,57.4,0.0868,83.0,13.3,351.0,2.0,5,28,2
2026-01-28 05:45:00+00:00,9.3,54.9,0.0369,85.0,13.1,356.0,2.0,5,28,2
2026-01-28 06:00:00+00:00,14.2,55.0,0.0398,85.0,13.1,355.0,2.3,6,28,2
2026-01-28 06:15:00+00:00,14.4,56.1,0.0417,84.0,13.2,355.0,2.9,6,28,2
2026-01-28 06:30:00+00:00,12.9,42.3,0.0326,83.0,13.2,357.0,2.8,6,28,2
2026-01-28 06:45:00+00:00,18.4,52.3,0.043,84.0,13.1,358.0,2.3,6,28,2
2026-01-28 07:00:00+00:00,25.2,61.0,0.0529,84.0,13.0,358.0,2.6,7,28,2
2026-01-28 07:15:00+00:00,62.1,51.6,0.076,84.0,13.2,358.0,2.0,7,28,2
2026-01-28 07:30:00+00:00,45.1,60.7,0.0698,82.0,13.4,358.0,1.6,7,28,2
2026-01-28 07:45:00+00:00,12.8,57.0,0.0408,81.0,13.6,359.0,1.1,7,28,2
2026-01-28 08:00:00+00:00,59.7,67.0,0.0855,78.0,14.0,358.0,0.6,8,28,2
2026-01-28 08:15:00+00:00,89.1,78.8,0.113,76.0,14.3,350.0,0.9,8,28,2
2026-01-28 08:30:00+00:00,116.7,86.6,0.142,74.0,14.4,343.0,1.6,8,28,2
2026-01-28 08:45:00+00:00,106.3,91.1,0.1352,73.0,14.3,334.0,2.4,8,28,2
2026-01-28 09:00:00+00:00,144.2,99.5,0.1706,75.0,14.2,344.0,2.0,9,28,2
2026-01-28 09:15:00+00:00,126.7,94.8,0.1528,76.0,14.1,348.0,2.8,9,28,2
2026-01-28 09:30:00+00:00,120.1,94.7,0.1494,75.0,14.1,354.0,3.2,9,28,2
2026-01-28 09:45:00+00:00,87.1,91.5,0.1191,74.0,14.1,357.0,3.3,9,28,2
2026-01-28 10:00:00+00:00,87.3,83.0,0.1146,75.0,14.0,357.0,3.3,10,28,2
2026-01-28 10:15:00+00:00,97.7,88.3,0.1263,75.0,14.0,358.0,3.0,10,28,2
2026-01-28 10:30:00+00:00,92.2,82.6,0.12,76.0,14.0,358.0,2.7,10,28,2
2026-01-28 10:45:00+00:00,76.4,82.6,0.106,76.0,14.0,359.0,1.7,10,28,2
2026-01-28 11:00:00+00:00,32.4,62.2,0.0592,75.0,14.0,358.0,1.6,11,28,2
2026-01-28 11:15:00+00:00,7.4,38.7,0.0262,72.0,14.1,358.0,1.3,11,28,2
2026-01-28 11:30:00+00:00,64.3,75.3,0.0902,73.0,13.8,358.0,1.0,11,28,2
2026-01-28 11:45:00+00:00,117.0,104.5,0.1507,74.0,13.7,359.0,1.4,11,28,2
2026-01-28 12:00:00+00:00,125.9,107.7,0.16,77.0,13.6,359.0,1.4,12,28,2
2026-01-28 12:15:00+00:00,163.9,86.0,0.1796,79.0,13.3,359.0,1.1,12,28,2
2026-01-28 12:30:00+00:00,201.2,84.0,0.2073,81.0,13.1,359.0,0.5,12,28,2
2026-01-28 12:45:00+00:00,212.2,82.9,0.2162,83.0,12.8,358.0,0.3,12,28,2
2026-01-28 13:00:00+00:00,227.2,72.8,0.2219,85.0,12.6,359.0,0.5,13,28,2
2026-01-28 13:15:00+00:00,206.2,105.1,0.2219,85.0,12.6,359.0,0.3,13,28,2
2026-01-28 13:30:00+00:00,241.6,42.5,0.2172,86.0,12.5,359.0,0.3,13,28,2
2026-01-28 13:45:00+00:00,252.2,34.9,0.2235,86.0,12.6,359.0,0.6,13,28,2
2026-01-28 14:00:00+00:00,209.6,73.6,0.2097,86.0,12.6,359.0,1.5,14,28,2
2026-01-28 14:15:00+00:00,132.8,90.1,0.1569,86.0,12.7,359.0,2.3,14,28,2
2026-01-28 14:30:00+00:00,128.0,91.6,0.1534,86.0,12.6,359.0,2.3,14,28,2
2026-01-28 14:45:00+00:00,124.4,85.3,0.1468,86.0,12.4,358.0,1.9,14,28,2
2026-01-28 15:00:00+00:00,187.8,70.5,0.1897,87.0,12.4,358.0,1.0,15,28,2
2026-01-28 15:15:00+00:00,207.9,73.9,0.2077,88.0,12.3,358.0,0.8,15,28,2
2026-01-28 15:30:00+00:00,188.9,80.7,0.1945,88.0,12.3,357.0,0.8,15,28,2
2026-01-28 15:45:00+00:00,201.0,76.0,0.2029,88.0,12.3,356.0,0.7,15,28,2
2026-01-28 16:00:00+00:00,190.5,70.9,0.1921,89.0,12.2,357.0,0.8,16,28,2
2026-01-28 16:15:00+00:00,192.6,67.9,0.1922,90.0,12.0,352.0,0.9,16,28,2
2026-01-28 16:30:00+00:00,168.4,75.6,0.1775,91.0,11.8,353.0,0.3,16,28,2
2026-01-28 16:45:00+00:00,177.6,62.1,0.1781,92.0,11.7,353.0,0.3,16,28,2
2026-01-28 17:00:00+00:00,168.5,65.6,0.1725,92.0,11.6,349.0,0.4,17,28,2
2026-01-28 17:15:00+00:00,125.6,64.8,0.1364,92.0,11.6,350.0,0.9,17,28,2
2026-01-28 17:30:00+00:00,110.6,62.6,0.1236,92.0,11.6,353.0,0.8,17,28,2
2026-01-28 17:45:00+00:00,105.9,62.9,0.1183,92.0,11.5,354.0,0.9,17,28,2
2026-01-28 18:00:00+00:00,151.1,56.4,0.1526,91.0,11.6,353.0,0.5,18,28,2
2026-01-28 18:15:00+00:00,62.4,54.5,0.0795,92.0,11.5,353.0,1.8,18,28,2
2026-01-28 19:15:00+00:00,22.6,51.8,0.046,92.0,11.3,333.0,2.1,19,28,2
2026-01-28 19:30:00+00:00,23.1,58.9,0.0501,91.0,11.4,336.0,3.1,19,28,2
2026-01-28 19:45:00+00:00,13.1,58.3,0.0416,91.0,11.5,337.0,1.8,19,28,2
2026-01-28 20:00:00+00:00,32.6,63.4,0.0604,91.0,11.6,340.0,2.3,20,28,2
2026-01-28 20:15:00+00:00,19.8,53.6,0.0446,91.0,11.5,343.0,3.3,20,28,2
2026-01-28 20:30:00+00:00,20.8,52.6,0.0461,92.0,11.5,346.0,2.9,20,28,2
2026-01-28 20:45:00+00:00,22.6,48.1,0.0441,92.0,11.4,349.0,2.2,20,28,2
2026-01-28 21:00:00+00:00,15.7,43.5,0.0354,92.0,11.4,349.0,2.4,21,28,2
2026-01-28 21:15:00+00:00,12.6,38.4,0.0305,93.0,11.3,351.0,3.0,21,28,2
2026-01-28 21:30:00+00:00,8.7,37.0,0.0268,94.0,11.3,352.0,3.2,21,28,2
2026-01-28 21:45:00+00:00,10.3,27.7,0.0234,94.0,11.2,353.0,2.5,21,28,2
2026-01-28 22:00:00+00:00,8.4,27.8,0.0216,94.0,11.1,355.0,3.4,22,28,2
2026-01-28 22:15:00+00:00,5.4,30.0,0.0204,94.0,11.1,356.0,2.6,22,28,2
2026-01-28 22:30:00+00:00,9.5,25.5,0.0215,94.0,11.0,354.0,3.1,22,28,2
2026-01-28 22:45:00+00:00,9.3,30.9,0.0239,94.0,11.0,354.0,2.0,22,28,2
2026-01-28 23:00:00+00:00,6.5,28.8,0.0207,94.0,11.1,353.0,3.0,23,28,2
2026-01-28 23:15:00+00:00,5.1,27.6,0.0186,93.0,11.0,355.0,2.8,23,28,2
2026-01-28 23:30:00+00:00,8.0,30.2,0.0226,93.0,11.0,354.0,2.9,23,28,2
2026-01-28 23:45:00+00:00,6.9,29.0,0.0211,93.0,11.0,354.0,1.1,23,28,2
2026-01-29 00:00:00+00:00,13.9,32.8,0.0299,93.0,11.0,351.0,2.6,0,29,3
2026-01-29 00:15:00+00:00,6.6,34.6,0.0238,92.0,11.0,353.0,2.6,0,29,3
2026-01-29 00:30:00+00:00,10.8,35.6,0.0278,92.0,11.0,350.0,2.7,0,29,3
2026-01-29 00:45:00+00:00,19.4,36.8,0.0356,93.0,10.9,352.0,3.2,0,29,3
2026-01-29 01:00:00+00:00,12.8,33.8,0.0281,92.0,10.9,354.0,2.4,1,29,3
2026-01-29 01:15:00+00:00,17.2,40.3,0.0354,92.0,10.9,355.0,2.2,1,29,3
2026-01-29 01:30:00+00:00,40.4,48.6,0.0599,92.0,10.9,353.0,2.9,1,29,3
2026-01-29 01:45:00+00:00,70.1,54.2,0.0858,92.0,11.0,350.0,1.4,1,29,3
2026-01-29 02:00:00+00:00,52.0,57.5,0.0735,92.0,11.0,352.0,2.3,2,29,3
2026-01-29 02:15:00+00:00,73.0,59.6,0.091,92.0,10.9,354.0,1.4,2,29,3
2026-01-29 02:30:00+00:00,120.5,54.6,0.1239,92.0,11.1,352.0,2.1,2,29,3
2026-01-29 02:45:00+00:00,50.3,55.4,0.0716,91.0,11.1,353.0,2.2,2,29,3
2026-01-29 03:00:00+00:00,88.4,60.7,0.104,91.0,11.2,355.0,1.6,3,29,3
2026-01-29 03:15:00+00:00,66.0,56.4,0.0864,90.0,11.2,356.0,2.7,3,29,3
2026-01-29 03:30:00+00:00,52.2,47.8,0.0679,90.0,11.2,356.0,2.8,3,29,3
2026-01-29 03:45:00+00:00,73.2,56.8,0.0883,90.0,11.3,356.0,2.9,3,29,3
2026-01-29 04:00:00+00:00,113.3,55.3,0.1209,89.0,11.4,356.0,2.7,4,29,3
2026-01-29 04:15:00+00:00,73.6,54.8,0.089,88.0,11.5,356.0,3.2,4,29,3
2026-01-29 04:30:00+00:00,96.2,53.7,0.1075,87.0,11.6,357.0,3.1,4,29,3
2026-01-29 04:45:00+00:00,73.0,45.5,0.0827,86.0,11.8,358.0,3.2,4,29,3
2026-01-29 05:00:00+00:00,65.4,56.6,0.0841,85.0,12.0,358.0,2.4,5,29,3
2026-01-29 05:15:00+00:00,70.6,64.0,0.0901,84.0,12.2,358.0,2.4,5,29,3
2026-01-29 05:30:00+00:00,96.3,59.7,0.1091,83.0,12.3,357.0,3.0,5,29,3
2026-01-29 05:45:00+00:00,,,,83.0,12.4,358.0,3.0,5,29,3
2026-01-29 06:00:00+00:00,,,,81.0,12.6,357.0,3.3,6,29,3
2026-01-29 06:30:00+00:00,78.6,62.5,0.0979,80.0,12.8,358.0,3.1,6,29,3
2026-01-29 06:45:00+00:00,81.8,64.4,0.1008,80.0,12.9,350.0,3.4,6,29,3
2026-01-29 07:00:00+00:00,92.0,55.5,0.1064,79.0,12.9,342.0,3.7,7,29,3
2026-01-29 07:15:00+00:00,74.7,58.2,0.0896,80.0,12.7,344.0,4.3,7,29,3
2026-01-29 07:45:00+00:00,71.7,69.3,0.0954,79.0,12.9,323.0,3.6,7,29,3
2026-01-29 08:00:00+00:00,59.5,62.1,0.0829,79.0,12.9,341.0,4.1,8,29,3
2026-01-29 08:15:00+00:00,70.9,61.3,0.0905,78.0,13.2,344.0,3.9,8,29,3
2026-01-29 08:30:00+00:00,76.5,60.1,0.0936,75.0,13.6,337.0,3.5,8,29,3
2026-01-29 08:45:00+00:00,68.1,65.9,0.0897,74.0,13.7,342.0,3.4,8,29,3
2026-01-29 09:00:00+00:00,74.9,71.4,0.0973,74.0,13.7,248.0,4.2,9,29,3
2026-01-29 09:15:00+00:00,74.8,70.8,0.0972,73.0,13.9,332.0,3.5,9,29,3
2026-01-29 09:30:00+00:00,67.0,71.5,0.0921,71.0,14.3,350.0,2.7,9,29,3
2026-01-29 09:45:00+00:00,70.7,82.3,0.0998,71.0,14.4,349.0,2.5,9,29,3
2026-01-29 10:00:00+00:00,71.6,70.6,0.0954,70.0,14.3,321.0,3.5,10,29,3
2026-01-29 10:15:00+00:00,65.9,72.4,0.0921,71.0,14.2,310.0,3.3,10,29,3
2026-01-29 10:30:00+00:00,50.9,70.9,0.078,72.0,14.2,291.0,2.8,10,29,3
2026-01-29 10:45:00+00:00,65.7,75.5,0.0925,72.0,14.2,352.0,3.5,10,29,3
2026-01-29 11:00:00+00:00,39.3,75.5,0.0715,74.0,13.9,352.0,3.5,11,29,3
2026-01-29 11:15:00+00:00,52.0,74.8,0.082,75.0,13.8,350.0,2.8,11,29,3
2026-01-29 11:30:00+00:00,74.5,88.6,0.1079,77.0,13.6,356.0,2.3,11,29,3
2026-01-29 11:45:00+00:00,97.3,91.7,0.1298,78.0,13.4,356.0,2.1,11,29,3
2026-01-29 12:00:00+00:00,93.1,101.8,0.1301,80.0,13.3,356.0,1.5,12,29,3
2026-01-29 12:15:00+00:00,118.8,90.3,0.1446,81.0,13.1,357.0,1.4,12,29,3
2026-01-29 12:30:00+00:00,123.0,105.0,0.1567,82.0,12.9,357.0,1.3,12,29,3
2026-01-29 12:45:00+00:00,178.5,89.5,0.1939,84.0,12.6,357.0,0.8,12,29,3
2026-01-29 13:00:00+00:00,204.2,67.4,0.1997,85.0,12.5,356.0,0.9,13,29,3
2026-01-29 13:15:00+00:00,214.5,74.3,0.2125,85.0,12.5,358.0,0.7,13,29,3
2026-01-29 13:30:00+00:00,200.9,82.7,0.207,86.0,12.3,357.0,0.9,13,29,3
2026-01-29 13:45:00+00:00,87.0,72.0,0.1072,87.0,11.9,360.0,0.7,13,29,3
2026-01-29 14:00:00+00:00,61.1,55.3,0.0788,91.0,11.2,,0.4,14,29,3
2026-01-29 14:15:00+00:00,40.6,63.6,0.0674,93.0,10.9,358.0,0.4,14,29,3
2026-01-29 14:30:00+00:00,57.8,47.4,0.0726,94.0,10.7,359.0,0.3,14,29,3
2026-01-29 14:45:00+00:00,36.5,63.3,0.0622,95.0,10.7,,0.3,14,29,3
2026-01-29 15:00:00+00:00,14.9,52.4,0.04,95.0,10.6,,0.3,15,29,3
2026-01-29 15:15:00+00:00,21.9,41.7,0.0403,95.0,10.3,,0.3,15,29,3
2026-01-29 15:30:00+00:00,20.4,37.7,0.0368,96.0,10.2,,0.3,15,29,3
2026-01-29 15:45:00+00:00,29.8,40.1,0.0457,96.0,10.2,,0.3,15,29,3
2026-01-29 16:00:00+00:00,41.5,33.0,0.0512,96.0,10.0,,0.3,16,29,3
2026-01-29 16:15:00+00:00,49.0,32.4,0.057,96.0,9.8,359.0,0.3,16,29,3
2026-01-29 16:30:00+00:00,73.5,32.6,0.0761,96.0,9.9,358.0,0.3,16,29,3
2026-01-29 16:45:00+00:00,68.5,33.4,0.0738,96.0,9.7,358.0,0.3,16,29,3
2026-01-29 17:00:00+00:00,64.6,40.5,0.0741,97.0,9.8,358.0,0.3,17,29,3
2026-01-29 17:15:00+00:00,79.8,36.1,0.0839,97.0,9.6,358.0,0.3,17,29,3
2026-01-29 17:30:00+00:00,110.8,34.4,0.1083,97.0,9.4,358.0,0.3,17,29,3
2026-01-29 17:45:00+00:00,197.5,23.4,0.169,97.0,9.3,358.0,0.3,17,29,3
2026-01-29 18:00:00+00:00,93.1,32.9,0.0932,97.0,9.2,358.0,0.3,18,29,3
2026-01-29 18:15:00+00:00,141.3,19.4,0.126,97.0,9.3,358.0,0.3,18,29,3
2026-01-29 19:15:00+00:00,74.6,32.6,0.078,97.0,9.0,358.0,0.3,19,29,3
2026-01-29 19:30:00+00:00,193.1,28.7,0.1722,97.0,8.9,358.0,0.3,19,29,3
2026-01-29 19:45:00+00:00,91.6,25.3,0.0895,97.0,8.9,358.0,0.3,19,29,3
2026-01-29 20:00:00+00:00,77.2,32.7,0.0803,97.0,8.7,358.0,0.3,20,29,3
2026-01-29 20:15:00+00:00,114.9,20.3,0.1041,97.0,8.8,358.0,0.3,20,29,3
2026-01-29 20:30:00+00:00,120.0,26.3,0.1132,97.0,8.8,358.0,0.3,20,29,3
2026-01-29 20:45:00+00:00,145.6,27.8,0.1329,97.0,8.9,358.0,0.3,20,29,3
2026-01-29 21:00:00+00:00,102.5,21.0,0.0941,97.0,8.9,358.0,0.3,21,29,3
2026-01-29 21:15:00+00:00,88.7,22.1,0.0839,97.0,8.8,358.0,0.3,21,29,3
2026-01-29 21:30:00+00:00,88.6,20.4,0.0829,97.0,8.7,358.0,0.3,21,29,3
2026-01-29 21:45:00+00:00,139.8,22.9,0.1255,97.0,8.7,359.0,0.3,21,29,3
2026-01-29 22:00:00+00:00,121.0,33.6,0.1163,98.0,9.1,,0.3,22,29,3
2026-01-29 22:15:00+00:00,126.1,17.0,0.1108,97.0,9.1,359.0,0.3,22,29,3
2026-01-29 22:30:00+00:00,100.4,31.2,0.0986,97.0,9.1,359.0,0.3,22,29,3
2026-01-29 22:45:00+00:00,140.7,38.4,0.1352,97.0,9.2,359.0,0.3,22,29,3
2026-01-29 23:00:00+00:00,85.8,20.7,0.0809,97.0,9.1,360.0,0.6,23,29,3
2026-01-29 23:15:00+00:00,148.9,33.6,0.1402,97.0,9.1,,0.3,23,29,3
2026-01-29 23:30:00+00:00,81.1,35.3,0.0837,97.0,9.3,,0.4,23,29,3
2026-01-29 23:45:00+00:00,104.2,33.8,0.1027,98.0,9.4,359.0,1.1,23,29,3
2026-01-30 00:00:00+00:00,122.4,41.6,0.1209,97.0,9.6,359.0,0.6,0,30,4
2026-01-30 00:15:00+00:00,66.2,38.2,0.0742,96.0,9.4,358.0,0.3,0,30,4
2026-01-30 00:30:00+00:00,84.2,28.3,0.0866,97.0,8.8,358.0,0.3,0,30,4
2026-01-30 00:45:00+00:00,142.5,22.4,0.1298,97.0,8.7,358.0,0.3,0,30,4
2026-01-30 01:00:00+00:00,122.8,29.1,0.1147,97.0,8.7,,0.3,1,30,4
2026-01-30 01:15:00+00:00,167.9,29.2,0.1528,98.0,8.9,359.0,0.8,1,30,4
2026-01-30 01:30:00+00:00,187.3,33.9,0.1696,98.0,9.4,358.0,1.3,1,30,4
2026-01-30 01:45:00+00:00,164.3,31.5,0.1506,97.0,9.4,358.0,0.6,1,30,4
2026-01-30 02:00:00+00:00,146.5,24.3,0.1308,96.0,8.9,358.0,0.3,2,30,4
2026-01-30 02:15:00+00:00,102.9,35.6,0.1015,97.0,8.7,349.0,0.3,2,30,4
2026-01-30 02:30:00+00:00,89.0,21.3,0.0837,97.0,9.0,348.0,0.3,2,30,4
2026-01-30 02:45:00+00:00,111.8,33.9,0.1085,97.0,9.3,358.0,0.5,2,30,4
2026-01-30 03:00:00+00:00,142.0,37.5,0.1354,97.0,9.6,358.0,1.0,3,30,4
2026-01-30 03:15:00+00:00,176.4,63.6,0.1771,94.0,10.5,348.0,2.1,3,30,4
2026-01-30 03:30:00+00:00,187.3,71.9,0.1905,92.0,10.7,341.0,1.8,3,30,4
2026-01-30 03:45:00+00:00,127.0,112.4,0.1613,89.0,11.0,347.0,2.9,3,30,4
2026-01-30 04:15:00+00:00,117.4,109.1,0.1549,77.0,12.9,355.0,1.8,4,30,4
2026-01-30 04:30:00+00:00,108.6,107.0,0.1457,73.0,13.4,341.0,2.4,4,30,4
2026-01-30 04:45:00+00:00,84.4,105.1,0.1261,72.0,13.5,320.0,3.0,4,30,4
2026-01-30 05:00:00+00:00,78.1,99.8,0.1172,71.0,13.6,228.0,3.4,5,30,4
2026-01-30 05:15:00+00:00,87.8,75.7,0.113,69.0,14.0,248.0,3.0,5,30,4
2026-01-30 05:30:00+00:00,64.6,94.6,0.1031,65.0,14.6,270.0,2.6,5,30,4
2026-01-30 05:45:00+00:00,71.7,78.6,0.1015,64.0,14.8,188.0,3.5,5,30,4
2026-01-30 06:00:00+00:00,52.9,87.1,0.0912,63.0,15.0,159.0,3.4,6,30,4
2026-01-30 06:15:00+00:00,40.3,81.6,0.0757,61.0,15.2,113.0,4.0,6,30,4
2026-01-30 06:30:00+00:00,73.2,93.9,0.1094,61.0,15.4,134.0,3.8,6,30,4
2026-01-30 08:45:00+00:00,40.2,78.1,0.074,53.0,16.4,239.0,3.6,8,30,4
2026-01-30 09:00:00+00:00,69.7,99.4,0.1084,53.0,16.5,199.0,3.4,9,30,4
2026-01-30 09:15:00+00:00,50.3,79.7,0.0864,53.0,16.6,277.0,3.2,9,30,4
2026-01-30 09:30:00+00:00,40.2,94.2,0.0831,54.0,16.5,294.0,3.6,9,30,4
2026-01-30 09:45:00+00:00,61.1,95.5,0.0977,54.0,16.6,196.0,3.4,9,30,4
2026-01-30 10:00:00+00:00,41.1,92.0,0.0835,54.0,16.3,252.0,2.8,10,30,4
2026-01-30 10:15:00+00:00,63.7,109.4,0.1095,55.0,16.2,137.0,2.6,10,30,4
2026-01-30 10:30:00+00:00,67.7,109.7,0.1115,56.0,16.0,130.0,3.0,10,30,4
2026-01-30 10:45:00+00:00,60.4,93.2,0.0999,55.0,16.2,154.0,3.0,10,30,4
2026-01-30 11:15:00+00:00,80.6,104.6,0.1225,55.0,15.9,140.0,3.0,11,30,4
2026-01-30 11:30:00+00:00,51.6,101.5,0.0956,57.0,15.6,94.0,2.7,11,30,4
2026-01-30 11:45:00+00:00,32.8,85.0,0.0709,59.0,15.1,78.0,2.5,11,30,4
2026-01-30 12:00:00+00:00,48.2,78.8,0.0815,61.0,14.8,105.0,1.8,12,30,4
2026-01-30 12:15:00+00:00,99.8,123.4,0.1473,61.0,14.7,70.0,1.2,12,30,4
2026-01-30 12:30:00+00:00,155.7,116.4,0.1876,63.0,14.5,264.0,0.5,12,30,4
2026-01-30 12:45:00+00:00,176.9,100.0,0.1976,66.0,13.9,258.0,0.5,12,30,4
2026-01-30 13:00:00+00:00,204.5,70.3,0.2027,69.0,13.6,77.0,0.4,13,30,4
2026-01-30 13:15:00+00:00,87.0,84.9,0.1148,75.0,12.8,241.0,0.4,13,30,4
2026-01-30 13:30:00+00:00,214.2,44.7,0.1962,80.0,12.2,360.0,0.3,13,30,4
2026-01-30 13:45:00+00:00,123.5,50.9,0.1293,83.0,11.8,350.0,0.5,13,30,4
2026-01-30 14:00:00+00:00,6.8,63.6,0.0391,88.0,11.2,350.0,0.4,14,30,4
2026-01-30 14:15:00+00:00,7.9,68.5,0.0429,90.0,10.9,350.0,0.4,14,30,4
2026-01-30 14:30:00+00:00,23.6,65.4,0.0541,91.0,10.7,350.0,0.3,14,30,4
2026-01-30 14:45:00+00:00,52.4,76.6,0.0831,92.0,10.5,350.0,0.3,14,30,4
2026-01-30 15:00:00+00:00,56.5,61.3,0.0786,93.0,10.4,350.0,0.3,15,30,4
2026-01-30 15:15:00+00:00,95.8,52.8,0.1066,93.0,10.1,350.0,0.3,15,30,4
2026-01-30 15:30:00+00:00,95.6,52.8,0.1057,94.0,10.0,350.0,0.3,15,30,4
2026-01-30 15:45:00+00:00,94.4,51.1,0.104,95.0,10.0,350.0,0.3,15,30,4
2026-01-30 16:00:00+00:00,105.6,42.1,0.1082,94.0,9.8,350.0,0.3,16,30,4
2026-01-30 16:15:00+00:00,103.5,40.2,0.1056,95.0,9.6,350.0,0.3,16,30,4
2026-01-30 16:30:00+00:00,111.3,41.2,0.1122,96.0,9.6,350.0,0.3,16,30,4
2026-01-30 16:45:00+00:00,109.9,38.3,0.1097,96.0,9.5,350.0,0.3,16,30,4
2026-01-30 17:00:00+00:00,105.4,39.3,0.1067,96.0,9.5,350.0,0.3,17,30,4
2026-01-30 17:15:00+00:00,108.1,35.5,0.1067,96.0,9.5,350.0,0.3,17,30,4
2026-01-30 17:30:00+00:00,129.7,39.6,0.1266,96.0,9.4,350.0,0.3,17,30,4
2026-01-30 17:45:00+00:00,120.5,35.7,0.1169,97.0,9.4,350.0,0.4,17,30,4
2026-01-30 18:00:00+00:00,120.7,28.1,0.1131,96.0,9.3,351.0,0.3,18,30,4
2026-01-30 18:15:00+00:00,134.9,30.0,0.126,97.0,9.2,351.0,0.3,18,30,4
2026-01-30 19:15:00+00:00,143.2,26.6,0.1306,97.0,9.0,351.0,0.3,19,30,4
2026-01-30 19:30:00+00:00,203.5,21.9,0.1791,97.0,9.2,350.0,0.3,19,30,4
2026-01-30 19:45:00+00:00,122.0,32.9,0.1164,97.0,9.1,350.0,0.3,19,30,4
2026-01-30 20:00:00+00:00,121.9,29.4,0.1148,97.0,9.0,350.0,0.3,20,30,4
2026-01-30 20:15:00+00:00,124.8,28.7,0.1167,97.0,8.9,350.0,0.3,20,30,4
2026-01-30 20:30:00+00:00,124.7,26.6,0.1156,97.0,8.9,350.0,0.3,20,30,4
2026-01-30 20:45:00+00:00,127.6,26.8,0.1179,97.0,8.8,350.0,0.3,20,30,4
2026-01-30 21:00:00+00:00,128.8,25.5,0.1183,97.0,8.7,350.0,0.3,21,30,4
2026-01-30 21:15:00+00:00,128.9,28.7,0.1201,97.0,8.8,350.0,0.3,21,30,4
2026-01-30 21:30:00+00:00,131.8,27.6,0.1217,97.0,8.8,350.0,0.3,21,30,4
2026-01-30 21:45:00+00:00,132.7,27.4,0.1228,97.0,8.7,350.0,0.3,21,30,4
2026-01-30 22:00:00+00:00,132.5,25.7,0.1214,97.0,8.5,350.0,0.3,22,30,4
2026-01-30 22:15:00+00:00,131.3,28.4,0.1219,98.0,8.6,350.0,0.3,22,30,4
2026-01-30 22:30:00+00:00,132.7,29.2,0.1233,98.0,8.6,350.0,0.3,22,30,4
2026-01-30 22:45:00+00:00,128.3,27.7,0.119,98.0,8.6,350.0,0.3,22,30,4
2026-01-30 23:00:00+00:00,133.5,21.6,0.1198,97.0,8.4,350.0,0.3,23,30,4
2026-01-30 23:15:00+00:00,144.7,25.5,0.1324,98.0,8.5,350.0,0.3,23,30,4
2026-01-30 23:30:00+00:00,105.4,25.3,0.0992,97.0,8.5,259.0,0.3,23,30,4
2026-01-30 23:45:00+00:00,99.7,26.8,0.0953,98.0,8.4,239.0,0.3,23,30,4
2026-01-31 00:00:00+00:00,127.4,24.0,0.116,98.0,8.5,238.0,0.3,0,31,5
2026-01-31 00:15:00+00:00,123.0,26.1,0.1137,98.0,8.6,239.0,0.3,0,31,5
2026-01-31 00:30:00+00:00,93.8,18.7,0.0864,97.0,8.4,238.0,0.3,0,31,5
2026-01-31 00:45:00+00:00,155.2,26.1,0.14,98.0,8.4,238.0,0.3,0,31,5
2026-01-31 01:00:00+00:00,197.4,15.5,0.1688,98.0,8.7,239.0,0.3,1,31,5
2026-01-31 01:15:00+00:00,148.6,21.5,0.133,97.0,8.7,240.0,0.3,1,31,5
2026-01-31 01:30:00+00:00,100.4,19.3,0.0921,97.0,8.4,239.0,0.3,1,31,5
2026-01-31 01:45:00+00:00,105.4,15.8,0.0941,98.0,8.4,239.0,0.3,1,31,5
2026-01-31 02:00:00+00:00,135.8,21.2,0.1221,98.0,8.5,262.0,0.3,2,31,5
2026-01-31 02:15:00+00:00,181.2,13.6,0.1549,98.0,8.9,315.0,0.3,2,31,5
2026-01-31 02:30:00+00:00,151.3,20.6,0.1332,97.0,9.2,332.0,0.3,2,31,5
2026-01-31 02:45:00+00:00,111.9,13.3,0.0989,96.0,9.2,333.0,0.3,2,31,5
2026-01-31 03:00:00+00:00,116.8,34.9,0.114,96.0,9.7,345.0,0.3,3,31,5
2026-01-31 03:15:00+00:00,102.2,30.3,0.0992,96.0,10.2,344.0,0.3,3,31,5
2026-01-31 03:30:00+00:00,85.9,48.7,0.096,95.0,11.0,290.0,0.3,3,31,5
2026-01-31 03:45:00+00:00,52.8,93.8,0.0928,92.0,11.5,221.0,0.9,3,31,5
2026-01-31 04:00:00+00:00,51.2,129.6,0.1103,89.0,11.9,225.0,2.1,4,31,5
2026-01-31 04:15:00+00:00,47.9,133.8,0.11,84.0,12.4,200.0,3.3,4,31,5
2026-01-31 04:30:00+00:00,47.4,138.1,0.112,82.0,12.7,214.0,3.7,4,31,5
2026-01-31 04:45:00+00:00,40.7,126.5,0.1005,81.0,13.0,226.0,3.8,4,31,5
2026-01-31 05:00:00+00:00,14.8,86.9,0.0584,78.0,13.4,230.0,3.6,5,31,5
2026-01-31 05:15:00+00:00,10.6,74.5,0.048,77.0,13.4,217.0,4.2,5,31,5
2026-01-31 05:30:00+00:00,10.0,67.3,0.0438,75.0,13.7,235.0,4.2,5,31,5
2026-01-31 05:45:00+00:00,8.5,61.4,0.0395,73.0,14.0,237.0,3.9,5,31,5
2026-01-31 06:00:00+00:00,6.3,57.1,0.0355,71.0,14.4,249.0,4.2,6,31,5
2026-01-31 06:15:00+00:00,4.5,54.5,0.0327,70.0,14.5,245.0,3.6,6,31,5
2026-01-31 06:30:00+00:00,6.3,57.4,0.0357,69.0,14.8,252.0,3.9,6,31,5
2026-01-31 06:45:00+00:00,6.7,62.2,0.0385,69.0,14.9,253.0,3.5,6,31,5
2026-01-31 07:00:00+00:00,6.2,63.3,0.0387,69.0,15.1,317.0,4.2,7,31,5
2026-01-31 07:15:00+00:00,6.6,63.5,0.0391,70.0,14.9,358.0,4.4,7,31,5
2026-01-31 07:30:00+00:00,6.1,65.2,0.0396,69.0,14.9,358.0,4.9,7,31,5
2026-01-31 07:45:00+00:00,6.6,63.7,0.0392,71.0,14.8,358.0,5.4,7,31,5
2026-01-31 08:00:00+00:00,5.2,60.2,0.0363,70.0,14.7,358.0,6.0,8,31,5
2026-01-31 08:15:00+00:00,4.7,56.4,0.0338,70.0,14.9,358.0,4.5,8,31,5
2026-01-31 08:30:00+00:00,3.9,53.6,0.0317,68.0,15.1,358.0,4.8,8,31,5
2026-01-31 08:45:00+00:00,3.8,52.6,0.031,68.0,14.9,358.0,5.3,8,31,5
2026-01-31 09:00:00+00:00,3.3,51.4,0.0301,68.0,15.1,359.0,4.5,9,31,5
2026-01-31 09:15:00+00:00,3.6,50.9,0.03,68.0,15.0,358.0,5.5,9,31,5
2026-01-31 09:30:00+00:00,3.2,51.5,0.03,70.0,14.9,358.0,5.1,9,31,5
2026-01-31 09:45:00+00:00,3.2,54.1,0.0314,70.0,14.9,359.0,5.4,9,31,5
2026-01-31 10:00:00+00:00,3.2,56.8,0.0328,70.0,14.8,359.0,5.3,10,31,5
2026-01-31 10:15:00+00:00,4.1,57.7,0.034,70.0,14.8,359.0,5.5,10,31,5
2026-01-31 10:30:00+00:00,4.4,57.2,0.034,71.0,14.7,359.0,5.3,10,31,5
2026-01-31 10:45:00+00:00,3.8,53.3,0.0315,70.0,14.6,359.0,5.7,10,31,5
2026-01-31 11:00:00+00:00,4.8,50.4,0.0306,70.0,14.6,359.0,4.4,11,31,5
2026-01-31 11:15:00+00:00,3.4,48.0,0.0283,70.0,14.4,359.0,4.3,11,31,5
2026-01-31 11:30:00+00:00,3.1,44.2,0.0261,71.0,14.2,359.0,4.6,11,31,5
2026-01-31 12:45:00+00:00,2.1,43.4,0.0248,79.0,13.0,359.0,3.4,12,31,5
2026-01-31 13:00:00+00:00,1.5,45.0,0.0251,81.0,12.7,359.0,2.8,13,31,5
2026-01-31 13:15:00+00:00,4.3,49.3,0.0296,82.0,12.5,359.0,1.7,13,31,5
2026-01-31 13:30:00+00:00,2.6,50.6,0.0291,84.0,12.3,358.0,1.8,13,31,5
2026-01-31 13:45:00+00:00,2.3,56.1,0.0317,86.0,12.1,358.0,2.4,13,31,5
2026-01-31 14:00:00+00:00,2.7,62.4,0.0354,88.0,11.9,359.0,2.0,14,31,5
2026-01-31 14:15:00+00:00,2.5,63.7,0.036,88.0,11.9,358.0,1.5,14,31,5
2026-01-31 14:30:00+00:00,20.6,80.7,0.0602,89.0,11.9,359.0,0.8,14,31,5
2026-01-31 14:45:00+00:00,25.2,78.1,0.0622,90.0,11.8,358.0,1.8,14,31,5
2026-01-31 15:00:00+00:00,4.8,73.9,0.0432,90.0,11.7,359.0,1.6,15,31,5
2026-01-31 15:15:00+00:00,4.2,70.0,0.0406,91.0,11.6,359.0,2.0,15,31,5
2026-01-31 15:30:00+00:00,3.6,,0.0381,92.0,11.7,359.0,3.6,15,31,5
2026-01-31 15:45:00+00:00,3.1,64.6,0.0369,91.0,11.8,359.0,3.3,15,31,5
2026-01-31 16:00:00+00:00,2.8,62.3,0.0354,91.0,11.8,359.0,4.4,16,31,5
2026-01-31 16:15:00+00:00,3.1,58.7,0.0338,92.0,11.7,359.0,4.2,16,31,5
2026-01-31 16:30:00+00:00,3.1,54.5,0.0314,92.0,11.7,359.0,4.7,16,31,5
2026-01-31 16:45:00+00:00,2.8,51.2,0.0295,92.0,11.6,359.0,4.3,16,31,5
2026-01-31 17:00:00+00:00,2.3,48.4,0.0276,93.0,11.6,359.0,4.3,17,31,5
2026-01-31 17:15:00+00:00,2.8,47.0,0.0273,93.0,11.6,359.0,4.2,17,31,5
2026-01-31 17:30:00+00:00,2.2,46.5,0.0265,93.0,11.6,359.0,3.3,17,31,5
2026-01-31 17:45:00+00:00,2.0,47.4,0.0268,93.0,11.6,359.0,4.1,17,31,5
2026-01-31 18:15:00+00:00,2.3,47.7,0.0272,93.0,11.6,359.0,4.4,18,31,5
2026-01-31 19:15:00+00:00,3.2,49.4,0.0288,93.0,11.5,358.0,3.1,19,31,5
2026-01-31 19:30:00+00:00,2.9,47.7,0.0277,94.0,11.4,358.0,3.5,19,31,5
2026-01-31 19:45:00+00:00,3.0,48.2,0.028,94.0,11.5,358.0,2.4,19,31,5
2026-01-31 20:00:00+00:00,3.1,49.3,0.0288,94.0,11.5,358.0,3.3,20,31,5
2026-01-31 20:15:00+00:00,2.7,50.2,0.0289,93.0,11.5,358.0,4.0,20,31,5
2026-01-31 20:30:00+00:00,2.8,50.8,0.0293,93.0,11.5,359.0,3.4,20,31,5
2026-01-31 20:45:00+00:00,2.4,50.6,0.0289,94.0,11.4,359.0,2.9,20,31,5
2026-01-31 21:00:00+00:00,2.1,48.4,0.0274,94.0,11.3,358.0,3.8,21,31,5
2026-01-31 21:15:00+00:00,1.2,44.9,0.0248,94.0,11.3,358.0,2.9,21,31,5
2026-01-31 21:30:00+00:00,3.2,37.9,0.0226,94.0,11.3,358.0,1.4,21,31,5
2026-01-31 21:45:00+00:00,2.0,37.3,0.0214,93.0,11.3,358.0,2.0,21,31,5
2026-01-31 22:00:00+00:00,1.7,34.9,0.0199,93.0,11.3,359.0,2.9,22,31,5
2026-01-31 22:15:00+00:00,2.6,33.7,0.02,93.0,11.3,358.0,1.1,22,31,5
2026-01-31 22:30:00+00:00,1.9,34.1,0.0197,93.0,11.3,358.0,1.4,22,31,5
2026-01-31 22:45:00+00:00,2.4,33.8,0.0199,93.0,11.3,358.0,3.0,22,31,5
2026-01-31 23:00:00+00:00,2.7,34.2,0.0204,92.0,11.3,359.0,3.1,23,31,5
2026-01-31 23:15:00+00:00,2.4,33.9,0.02,92.0,11.4,358.0,2.1,23,31,5
2026-01-31 23:30:00+00:00,2.6,35.1,0.0207,92.0,11.3,358.0,3.4,23,31,5
2026-01-31 23:45:00+00:00,3.0,40.0,0.0237,92.0,11.4,358.0,2.2,23,31,5
2026-02-01 00:00:00+00:00,2.9,41.7,0.0245,92.0,11.4,358.0,3.6,0,1,6
2026-02-01 00:15:00+00:00,2.7,43.5,0.0254,91.0,11.4,358.0,3.9,0,1,6
2026-02-01 00:30:00+00:00,2.5,42.0,0.0244,92.0,11.3,358.0,3.7,0,1,6
2026-02-01 00:45:00+00:00,3.2,41.7,0.0248,92.0,11.3,358.0,4.0,0,1,6
2026-02-01 01:00:00+00:00,3.0,40.3,0.0239,91.0,11.3,358.0,4.6,1,1,6
2026-02-01 01:15:00+00:00,5.7,44.9,0.0285,92.0,11.3,358.0,3.5,1,1,6
2026-02-01 01:30:00+00:00,9.9,47.8,0.0335,92.0,11.3,358.0,2.6,1,1,6
2026-02-01 01:45:00+00:00,11.4,47.3,0.0342,91.0,11.3,358.0,2.4,1,1,6
2026-02-01 02:00:00+00:00,11.9,43.1,0.0326,92.0,11.2,358.0,2.2,2,1,6
2026-02-01 02:15:00+00:00,12.2,42.6,0.0325,92.0,11.2,358.0,0.9,2,1,6
2026-02-01 02:30:00+00:00,16.8,37.8,0.0338,92.0,11.2,358.0,1.4,2,1,6
2026-02-01 02:45:00+00:00,47.6,40.2,0.0603,92.0,11.4,358.0,1.4,2,1,6
2026-02-01 03:00:00+00:00,28.4,44.7,0.0469,91.0,11.6,358.0,3.1,3,1,6
2026-02-01 03:15:00+00:00,26.0,46.2,0.0457,88.0,11.8,359.0,2.5,3,1,6
2026-02-01 03:30:00+00:00,13.7,49.0,0.0372,86.0,11.9,358.0,2.5,3,1,6
2026-02-01 03:45:00+00:00,6.0,42.3,0.0274,84.0,12.0,359.0,3.6,3,1,6
2026-02-01 04:00:00+00:00,3.7,46.0,0.0275,82.0,12.3,359.0,3.5,4,1,6
2026-02-01 04:15:00+00:00,12.9,56.2,0.0404,78.0,12.9,359.0,1.9,4,1,6
2026-02-01 04:30:00+00:00,27.3,58.5,0.0535,77.0,13.0,359.0,2.0,4,1,6
2026-02-01 04:45:00+00:00,10.1,62.7,0.0416,75.0,13.1,359.0,2.5,4,1,6
2026-02-01 05:00:00+00:00,21.0,60.5,0.0491,72.0,13.3,359.0,2.0,5,1,6
2026-02-01 05:15:00+00:00,7.0,40.6,0.0273,71.0,13.5,359.0,3.3,5,1,6
2026-02-01 05:30:00+00:00,5.4,38.9,0.0251,70.0,13.8,359.0,2.5,5,1,6
2026-02-01 05:45:00+00:00,5.2,34.6,0.0226,68.0,14.3,359.0,2.9,5,1,6
2026-02-01 06:00:00+00:00,5.7,26.7,0.0187,64.0,15.0,360.0,3.6,6,1,6
2026-02-01 06:15:00+00:00,3.9,22.8,0.0153,62.0,15.2,359.0,5.3,6,1,6
2026-02-01 06:30:00+00:00,7.9,31.7,0.023,60.0,15.5,359.0,4.5,6,1,6
2026-02-01 06:45:00+00:00,5.7,30.9,0.0207,60.0,15.7,359.0,4.3,6,1,6
2026-02-01 07:00:00+00:00,14.5,41.0,0.0335,59.0,16.1,360.0,5.0,7,1,6
2026-02-01 07:15:00+00:00,2.0,20.6,0.0128,61.0,15.7,359.0,4.0,7,1,6
2026-02-01 07:30:00+00:00,5.4,30.4,0.0211,61.0,16.0,359.0,3.4,7,1,6
2026-02-01 07:45:00+00:00,25.8,54.6,0.0505,57.0,16.9,360.0,3.0,7,1,6
2026-02-01 08:00:00+00:00,21.5,56.4,0.0463,56.0,17.2,360.0,2.7,8,1,6
2026-02-01 08:15:00+00:00,23.3,60.7,0.051,57.0,17.0,360.0,3.4,8,1,6
2026-02-01 08:30:00+00:00,20.5,56.4,0.0476,55.0,17.5,360.0,3.5,8,1,6
2026-02-01 08:45:00+00:00,22.0,52.0,0.0443,56.0,17.4,359.0,2.8,8,1,6
2026-02-01 09:00:00+00:00,33.8,69.7,0.0644,55.0,17.8,359.0,2.1,9,1,6
2026-02-01 09:15:00+00:00,23.7,60.9,0.0518,54.0,17.9,,2.9,9,1,6
2026-02-01 09:30:00+00:00,27.8,65.0,0.0572,55.0,17.6,360.0,1.9,9,1,6
2026-02-01 09:45:00+00:00,44.6,76.4,0.0782,55.0,17.9,359.0,1.9,9,1,6
2026-02-01 10:00:00+00:00,69.3,85.2,0.1019,55.0,17.8,360.0,2.1,10,1,6
2026-02-01 10:15:00+00:00,36.4,83.9,0.0757,54.0,17.9,359.0,2.0,10,1,6
2026-02-01 10:30:00+00:00,51.6,84.6,0.0862,55.0,17.7,359.0,2.8,10,1,6
2026-02-01 10:45:00+00:00,38.0,78.8,0.0727,53.0,17.6,360.0,3.8,10,1,6
2026-02-01 11:00:00+00:00,66.8,86.0,0.0998,53.0,17.4,360.0,3.2,11,1,6
2026-02-01 11:15:00+00:00,100.1,81.0,0.1254,54.0,16.9,360.0,3.0,11,1,6
2026-02-01 11:30:00+00:00,75.7,92.0,0.1086,55.0,16.6,360.0,2.7,11,1,6
2026-02-01 11:45:00+00:00,73.1,93.8,0.1091,58.0,16.2,359.0,2.4,11,1,6
2026-02-01 12:00:00+00:00,98.1,111.6,0.1395,61.0,15.9,359.0,2.0,12,1,6
2026-02-01 12:15:00+00:00,136.1,103.4,0.1648,63.0,15.7,359.0,1.2,12,1,6
2026-02-01 12:30:00+00:00,168.7,95.8,0.1869,65.0,15.4,359.0,1.1,12,1,6
2026-02-01 12:45:00+00:00,161.8,104.8,0.1864,67.0,15.1,359.0,0.7,12,1,6
2026-02-01 13:00:00+00:00,193.6,87.5,0.2019,68.0,14.9,359.0,0.9,13,1,6
2026-02-01 13:15:00+00:00,35.5,64.6,0.0624,75.0,14.2,358.0,0.7,13,1,6
2026-02-01 13:30:00+00:00,7.4,54.0,0.0347,82.0,13.1,358.0,0.3,13,1,6
2026-02-01 13:45:00+00:00,4.6,60.0,0.0359,85.0,12.7,358.0,0.3,13,1,6
2026-02-01 14:00:00+00:00,13.9,63.2,0.0449,87.0,12.4,358.0,0.3,14,1,6
2026-02-01 14:15:00+00:00,72.8,61.1,0.0917,88.0,12.3,359.0,0.3,14,1,6
2026-02-01 14:30:00+00:00,86.7,65.9,0.1045,87.0,12.3,358.0,0.3,14,1,6
2026-02-01 14:45:00+00:00,75.7,63.1,0.0974,87.0,12.3,355.0,0.3,14,1,6
2026-02-01 15:00:00+00:00,23.7,64.1,0.0536,89.0,12.1,351.0,0.3,15,1,6
2026-02-01 15:15:00+00:00,70.7,64.6,0.0911,91.0,11.9,345.0,0.3,15,1,6
2026-02-01 15:30:00+00:00,32.6,54.0,0.0553,91.0,11.8,339.0,0.3,15,1,6
2026-02-01 15:45:00+00:00,37.9,46.4,0.0556,91.0,11.6,336.0,0.3,15,1,6
2026-02-01 16:15:00+00:00,61.4,53.5,0.0782,93.0,11.5,335.0,0.3,16,1,6
2026-02-01 16:30:00+00:00,43.6,43.7,0.0587,93.0,11.3,335.0,0.3,16,1,6
2026-02-01 16:45:00+00:00,52.6,45.0,0.0667,94.0,11.3,333.0,0.3,16,1,6
2026-02-01 17:00:00+00:00,65.8,31.9,0.0705,94.0,11.1,328.0,0.3,17,1,6
2026-02-01 17:15:00+00:00,77.4,29.3,0.0785,94.0,11.0,327.0,0.3,17,1,6
2026-02-01 17:30:00+00:00,82.8,35.4,0.0862,95.0,10.9,327.0,0.3,17,1,6
2026-02-01 17:45:00+00:00,88.2,32.1,0.0888,95.0,10.8,327.0,0.3,17,1,6
2026-02-01 18:00:00+00:00,104.4,28.1,0.0995,95.0,10.7,327.0,0.3,18,1,6
2026-02-01 18:15:00+00:00,114.3,26.3,0.1068,95.0,10.6,327.0,0.3,18,1,6
2026-02-01 19:15:00+00:00,107.2,24.6,0.1003,96.0,10.4,326.0,0.3,19,1,6
2026-02-01 19:30:00+00:00,112.5,21.4,0.1029,96.0,10.3,326.0,0.3,19,1,6
2026-02-01 19:45:00+00:00,120.5,22.8,0.11,96.0,10.3,327.0,0.3,19,1,6
2026-02-01 20:00:00+00:00,111.2,32.3,0.1074,96.0,10.4,345.0,0.8,20,1,6
2026-02-01 20:15:00+00:00,52.9,45.9,0.0673,97.0,11.8,349.0,1.8,20,1,6
2026-02-01 20:30:00+00:00,21.9,44.3,0.0417,96.0,12.3,352.0,1.7,20,1,6
2026-02-01 20:45:00+00:00,14.4,46.1,0.0362,95.0,12.2,350.0,1.6,20,1,6
2026-02-01 21:00:00+00:00,8.2,39.3,0.0275,95.0,12.2,357.0,2.3,21,1,6
2026-02-01 21:15:00+00:00,6.7,34.3,0.0237,95.0,12.1,359.0,2.5,21,1,6
2026-02-01 21:30:00+00:00,8.2,36.2,0.0264,95.0,12.0,358.0,2.5,21,1,6
2026-02-01 21:45:00+00:00,13.3,35.3,0.0292,95.0,11.9,360.0,2.8,21,1,6
2026-02-01 22:00:00+00:00,7.7,32.5,0.0236,96.0,11.9,356.0,2.2,22,1,6
2026-02-01 22:15:00+00:00,8.7,38.1,0.0271,95.0,11.8,360.0,2.4,22,1,6
2026-02-01 22:30:00+00:00,23.8,41.5,0.0413,95.0,11.7,360.0,1.7,22,1,6
2026-02-01 22:45:00+00:00,22.6,43.2,0.0415,96.0,11.8,,0.6,22,1,6
2026-02-01 23:00:00+00:00,12.2,41.5,0.0321,96.0,11.8,360.0,1.2,23,1,6
2026-02-01 23:15:00+00:00,10.4,42.7,0.0312,95.0,11.8,359.0,1.1,23,1,6
2026-02-01 23:30:00+00:00,10.3,44.7,0.0322,95.0,11.7,360.0,1.5,23,1,6
2026-02-01 23:45:00+00:00,9.5,43.8,0.031,95.0,11.7,,1.4,23,1,6
2026-02-02 00:00:00+00:00,35.3,44.7,0.0516,95.0,11.6,,1.5,0,2,0
